"['0', (0, 1)]","['0', (0, 0), (0, 2)]","['0', (0, 1), (1, 2)]","['1', (0, 2), (0, 4), (1, 3)]","['0', (0, 3), (1, 4)]","['1', (0, 4), (0, 6), (1, 5)]","['0', (0, 5), (0, 7)]","['0', (0, 6), (0, 8)]","['0', (0, 7), (1, 8)]","['1', (0, 8), (0, 10), (1, 9)]","['0', (0, 9), (0, 11)]","['0', (0, 10), (0, 12), (1, 11)]","['0', (0, 11), (0, 13)]","['0', (0, 12), (0, 14)]","['0', (0, 13), (1, 14)]","['1', (0, 14), (0, 16)]","['0', (0, 15), (0, 17)]","['0', (0, 16), (0, 18), (1, 17)]","['0', (0, 17), (0, 19)]","['0', (0, 18)]","['1', (0, 19), (1, 20)]","['1', (0, 20), (0, 22), (1, 21)]","['0', (0, 21), (0, 23), (1, 22)]","['0', (0, 22), (0, 24)]","['0', (0, 23), (1, 24)]"
"['1', (0, 0), (2, 0)]","['1', (1, 0), (0, 1), (1, 2)]","['0', (1, 1), (0, 2), (1, 3)]","['0', (1, 2), (0, 3), (1, 4), (2, 3)]","['0', (1, 3), (0, 4), (1, 5)]","['0', (1, 4), (0, 5), (2, 5)]","['1', (1, 5), (0, 6), (2, 6)]","['1', (1, 6), (0, 7), (1, 8), (2, 7)]","['0', (1, 7), (0, 8), (1, 9), (2, 8)]","['0', (1, 8), (0, 9)]","['1', (1, 9), (0, 10), (1, 11), (2, 10)]","['0', (1, 10), (0, 11)]","['1', (1, 11), (0, 12), (2, 12)]","['1', (1, 12), (0, 13), (1, 14), (2, 13)]","['0', (1, 13), (0, 14), (2, 14)]","['1', (1, 14), (0, 15), (2, 15)]","['1', (1, 15), (0, 16), (1, 17)]","['0', (1, 16), (0, 17), (2, 17)]","['1', (1, 17), (0, 18), (2, 18)]","['1', (1, 18), (0, 19), (1, 20), (2, 19)]","['0', (1, 19), (0, 20), (1, 21)]","['0', (1, 20), (0, 21), (1, 22), (2, 21)]","['0', (1, 21), (0, 22)]","['1', (1, 22), (0, 23), (1, 24)]","['0', (1, 23), (0, 24), (2, 24)]"
"['0', (1, 0), (3, 0)]","['1', (2, 0), (1, 1), (3, 1)]","['1', (2, 1), (1, 2), (2, 3), (3, 2)]","['0', (2, 2), (1, 3)]","['1', (2, 3), (1, 4), (2, 5)]","['0', (2, 4), (1, 5), (2, 6)]","['0', (2, 5), (1, 6), (2, 7), (3, 6)]","['0', (2, 6), (1, 7), (2, 8)]","['0', (2, 7), (1, 8)]","['1', (2, 8), (1, 9), (2, 10)]","['0', (2, 9), (1, 10), (3, 10)]","['1', (2, 10), (1, 11), (2, 12), (3, 11)]","['0', (2, 11), (1, 12), (2, 13)]","['0', (2, 12), (1, 13), (2, 14), (3, 13)]","['0', (2, 13), (1, 14), (2, 15)]","['0', (2, 14), (1, 15), (3, 15)]","['1', (2, 15), (1, 16), (2, 17), (3, 16)]","['0', (2, 16), (1, 17), (2, 18)]","['0', (2, 17), (1, 18), (2, 19)]","['0', (2, 18), (1, 19), (3, 19)]","['1', (2, 19), (1, 20), (2, 21), (3, 20)]","['0', (2, 20), (1, 21), (3, 21)]","['1', (2, 21), (1, 22)]","['1', (2, 22), (1, 23), (2, 24), (3, 23)]","['0', (2, 23), (1, 24)]"
"['0', (2, 0), (3, 1), (4, 0)]","['0', (3, 0), (2, 1), (3, 2)]","['0', (3, 1), (2, 2)]","['1', (3, 2), (2, 3), (4, 3)]","['1', (3, 3), (2, 4)]","['1', (3, 4), (2, 5), (3, 6), (4, 5)]","['0', (3, 5), (2, 6), (4, 6)]","['1', (3, 6), (2, 7), (4, 7)]","['1', (3, 7), (2, 8), (4, 8)]","['1', (3, 8), (2, 9), (3, 10), (4, 9)]","['0', (3, 9), (2, 10), (3, 11), (4, 10)]","['0', (3, 10), (2, 11)]","['1', (3, 11), (2, 12), (3, 13), (4, 12)]","['0', (3, 12), (2, 13)]","['1', (3, 13), (2, 14), (3, 15), (4, 14)]","['0', (3, 14), (2, 15), (3, 16), (4, 15)]","['0', (3, 15), (2, 16)]","['1', (3, 16), (2, 17), (4, 17)]","['1', (3, 17), (2, 18), (3, 19)]","['0', (3, 18), (2, 19), (3, 20), (4, 19)]","['0', (3, 19), (2, 20), (3, 21)]","['0', (3, 20), (2, 21), (4, 21)]","['1', (3, 21), (2, 22), (3, 23), (4, 22)]","['0', (3, 22), (2, 23), (4, 23)]","['1', (3, 23), (2, 24), (4, 24)]"
"['0', (3, 0), (5, 0)]","['1', (4, 0), (3, 1)]","['1', (4, 1), (3, 2), (4, 3), (5, 2)]","['0', (4, 2), (3, 3), (5, 3)]","['1', (4, 3), (3, 4), (4, 5), (5, 4)]","['0', (4, 4), (3, 5), (4, 6)]","['0', (4, 5), (3, 6), (4, 7), (5, 6)]","['0', (4, 6), (3, 7), (4, 8)]","['0', (4, 7), (3, 8), (4, 9), (5, 8)]","['0', (4, 8), (3, 9), (4, 10)]","['0', (4, 9), (3, 10)]","['1', (4, 10), (3, 11), (4, 12), (5, 11)]","['0', (4, 11), (3, 12), (5, 12)]","['1', (4, 12), (3, 13), (4, 14), (5, 13)]","['0', (4, 13), (3, 14), (4, 15), (5, 14)]","['0', (4, 14), (3, 15), (5, 15)]","['1', (4, 15), (3, 16), (4, 17), (5, 16)]","['0', (4, 16), (3, 17), (5, 17)]","['1', (4, 17), (3, 18), (4, 19), (5, 18)]","['0', (4, 18), (3, 19), (5, 19)]","['1', (4, 19), (3, 20), (4, 21), (5, 20)]","['0', (4, 20), (3, 21), (4, 22)]","['0', (4, 21), (3, 22), (4, 23)]","['0', (4, 22), (3, 23), (4, 24)]","['0', (4, 23), (3, 24), (5, 24)]"
"['0', (4, 0), (6, 0)]","['1', (5, 0), (4, 1), (5, 2), (6, 1)]","['0', (5, 1), (4, 2), (5, 3)]","['0', (5, 2), (4, 3), (5, 4)]","['0', (5, 3), (4, 4), (6, 4)]","['1', (5, 4), (4, 5), (5, 6), (6, 5)]","['0', (5, 5), (4, 6), (6, 6)]","['1', (5, 6), (4, 7), (5, 8), (6, 7)]","['0', (5, 7), (4, 8)]","['1', (5, 8), (4, 9), (6, 9)]","['1', (5, 9), (4, 10), (5, 11), (6, 10)]","['0', (5, 10), (4, 11), (5, 12)]","['0', (5, 11), (4, 12), (5, 13), (6, 12)]","['0', (5, 12), (4, 13), (5, 14)]","['0', (5, 13), (4, 14), (5, 15), (6, 14)]","['0', (5, 14), (4, 15), (5, 16), (6, 15)]","['0', (5, 15), (4, 16), (5, 17)]","['0', (5, 16), (4, 17), (5, 18)]","['0', (5, 17), (4, 18), (5, 19)]","['0', (5, 18), (4, 19), (5, 20)]","['0', (5, 19), (4, 20), (6, 20)]","['1', (5, 20), (4, 21), (6, 21)]","['1', (5, 21), (4, 22), (6, 22)]","['1', (5, 22), (4, 23), (5, 24), (6, 23)]","['0', (5, 23), (4, 24), (6, 24)]"
"['0', (5, 0), (6, 1), (7, 0)]","['0', (6, 0), (5, 1)]","['1', (6, 1), (5, 2), (7, 2)]","['1', (6, 2), (5, 3), (6, 4), (7, 3)]","['0', (6, 3), (5, 4), (6, 5)]","['0', (6, 4), (5, 5), (6, 6), (7, 5)]","['0', (6, 5), (5, 6), (6, 7)]","['0', (6, 6), (5, 7), (7, 7)]","['1', (6, 7), (5, 8), (6, 9)]","['0', (6, 8), (5, 9), (6, 10)]","['0', (6, 9), (5, 10), (7, 10)]","['1', (6, 10), (5, 11), (6, 12), (7, 11)]","['0', (6, 11), (5, 12), (7, 12)]","['1', (6, 12), (5, 13), (6, 14)]","['0', (6, 13), (5, 14), (6, 15)]","['0', (6, 14), (5, 15), (7, 15)]","['1', (6, 15), (5, 16), (7, 16)]","['1', (6, 16), (5, 17), (7, 17)]","['1', (6, 17), (5, 18), (7, 18)]","['1', (6, 18), (5, 19), (6, 20), (7, 19)]","['0', (6, 19), (5, 20), (6, 21)]","['0', (6, 20), (5, 21), (6, 22), (7, 21)]","['0', (6, 21), (5, 22), (6, 23)]","['0', (6, 22), (5, 23), (6, 24)]","['0', (6, 23), (5, 24), (7, 24)]"
"['0', (6, 0), (8, 0)]","['1', (7, 0), (6, 1), (7, 2), (8, 1)]","['0', (7, 1), (6, 2), (7, 3), (8, 2)]","['0', (7, 2), (6, 3)]","['1', (7, 3), (6, 4), (7, 5), (8, 4)]","['0', (7, 4), (6, 5)]","['1', (7, 5), (6, 6), (7, 7), (8, 6)]","['0', (7, 6), (6, 7), (8, 7)]","['1', (7, 7), (6, 8), (8, 8)]","['1', (7, 8), (6, 9), (7, 10), (8, 9)]","['0', (7, 9), (6, 10), (7, 11)]","['0', (7, 10), (6, 11), (7, 12), (8, 11)]","['0', (7, 11), (6, 12)]","['1', (7, 12), (6, 13), (8, 13)]","['1', (7, 13), (6, 14), (7, 15)]","['0', (7, 14), (6, 15), (7, 16), (8, 15)]","['0', (7, 15), (6, 16), (7, 17)]","['0', (7, 16), (6, 17), (7, 18), (8, 17)]","['0', (7, 17), (6, 18), (7, 19)]","['0', (7, 18), (6, 19), (8, 19)]","['1', (7, 19), (6, 20), (7, 21)]","['0', (7, 20), (6, 21)]","['1', (7, 21), (6, 22), (8, 22)]","['1', (7, 22), (6, 23), (7, 24), (8, 23)]","['0', (7, 23), (6, 24), (8, 24)]"
"['0', (7, 0), (8, 1)]","['0', (8, 0), (7, 1), (8, 2), (9, 1)]","['0', (8, 1), (7, 2)]","['1', (8, 2), (7, 3), (8, 4), (9, 3)]","['0', (8, 3), (7, 4), (9, 4)]","['1', (8, 4), (7, 5), (8, 6), (9, 5)]","['0', (8, 5), (7, 6), (8, 7)]","['0', (8, 6), (7, 7), (8, 8), (9, 7)]","['0', (8, 7), (7, 8), (8, 9), (9, 8)]","['0', (8, 8), (7, 9), (9, 9)]","['1', (8, 9), (7, 10), (8, 11), (9, 10)]","['0', (8, 10), (7, 11), (9, 11)]","['1', (8, 11), (7, 12), (8, 13)]","['0', (8, 12), (7, 13), (9, 13)]","['1', (8, 13), (7, 14), (8, 15), (9, 14)]","['0', (8, 14), (7, 15), (9, 15)]","['1', (8, 15), (7, 16), (8, 17)]","['0', (8, 16), (7, 17), (9, 17)]","['1', (8, 17), (7, 18), (8, 19)]","['0', (8, 18), (7, 19)]","['1', (8, 19), (7, 20), (9, 20)]","['1', (8, 20), (7, 21), (8, 22), (9, 21)]","['0', (8, 21), (7, 22), (8, 23), (9, 22)]","['0', (8, 22), (7, 23), (8, 24)]","['0', (8, 23), (7, 24), (9, 24)]"
"['1', (8, 0), (9, 1), (10, 0)]","['0', (9, 0), (8, 1), (10, 1)]","['1', (9, 1), (8, 2), (9, 3), (10, 2)]","['0', (9, 2), (8, 3), (9, 4), (10, 3)]","['0', (9, 3), (8, 4), (9, 5)]","['0', (9, 4), (8, 5), (10, 5)]","['1', (9, 5), (8, 6), (9, 7), (10, 6)]","['0', (8, 7), (9, 8)]","['0', (9, 7), (8, 8), (9, 9), (10, 8)]","['0', (9, 8), (8, 9), (9, 10)]","['0', (9, 9), (8, 10), (9, 11), (10, 10)]","['0', (9, 10), (8, 11)]","['1', (9, 11), (8, 12), (9, 13), (10, 12)]","['0', (9, 12), (8, 13), (9, 14), (10, 13)]","['0', (9, 13), (8, 14), (9, 15)]","['0', (9, 14), (8, 15), (10, 15)]","['1', (9, 15), (8, 16), (9, 17), (10, 16)]","['0', (9, 16), (8, 17)]","['1', (9, 17), (8, 18), (10, 18)]","['1', (9, 18), (8, 19), (9, 20), (10, 19)]","['0', (9, 19), (8, 20), (9, 21)]","['0', (9, 20), (8, 21), (9, 22)]","['0', (9, 21), (8, 22), (10, 22)]","['1', (9, 22), (8, 23), (9, 24), (10, 23)]","['0', (9, 23), (8, 24), (10, 24)]"
"['0', (9, 0), (10, 1), (11, 0)]","['0', (10, 0), (9, 1), (10, 2)]","['0', (10, 1), (9, 2), (10, 3), (11, 2)]","['0', (10, 2), (9, 3)]","['1', (10, 3), (9, 4), (10, 5), (11, 4)]","['0', (10, 4), (9, 5), (10, 6)]","['0', (10, 5), (11, 6)]","['1', (10, 6), (9, 7), (10, 8), (11, 7)]","['0', (10, 7), (9, 8), (11, 8)]","['1', (10, 8), (9, 9), (10, 10), (11, 9)]","['0', (10, 9), (9, 10), (11, 10)]","['1', (10, 10), (9, 11), (10, 12), (11, 11)]","['0', (10, 11), (9, 12), (10, 13)]","['0', (10, 12), (9, 13)]","['1', (10, 13), (9, 14), (10, 15), (11, 14)]","['0', (10, 14), (9, 15), (10, 16), (11, 15)]","['0', (10, 15), (9, 16)]","['1', (10, 16), (9, 17), (10, 18), (11, 17)]","['0', (10, 17), (9, 18), (10, 19)]","['0', (10, 18), (9, 19), (11, 19)]","['1', (10, 19), (9, 20), (11, 20)]","['1', (10, 20), (9, 21), (10, 22), (11, 21)]","['0', (10, 21), (9, 22), (10, 23), (11, 22)]","['0', (10, 22), (9, 23), (10, 24)]","['0', (10, 23), (9, 24), (11, 24)]"
"['0', (10, 0)]","['1', (11, 0), (10, 1), (11, 2), (12, 1)]","['0', (11, 1), (10, 2), (12, 2)]","['1', (11, 2), (10, 3), (11, 4)]","['0', (11, 3), (10, 4), (12, 4)]","['1', (11, 4), (10, 5), (11, 6)]","['0', (11, 5), (10, 6), (11, 7), (12, 6)]","['0', (11, 6), (10, 7), (11, 8)]","['0', (11, 7), (10, 8), (11, 9), (12, 8)]","['0', (11, 8), (10, 9), (11, 10)]","['0', (11, 9), (10, 10), (11, 11)]","['0', (11, 10), (10, 11), (12, 11)]","['1', (11, 11), (10, 12), (12, 12)]","['1', (11, 12), (10, 13), (11, 14)]","['0', (11, 13), (10, 14), (11, 15)]","['0', (11, 14), (10, 15), (12, 15)]","['1', (11, 15), (10, 16), (11, 17), (12, 16)]","['0', (11, 16), (10, 17), (12, 17)]","['1', (11, 17), (10, 18), (11, 19), (12, 18)]","['0', (11, 18), (10, 19), (11, 20)]","['0', (11, 19), (10, 20), (11, 21), (12, 20)]","['0', (11, 20), (10, 21), (11, 22)]","['0', (11, 21), (10, 22), (12, 22)]","['1', (11, 22), (10, 23), (11, 24), (12, 23)]","['0', (11, 23), (10, 24), (12, 24)]"
"['1', (11, 0), (12, 1)]","['0', (12, 0), (11, 1), (12, 2), (13, 1)]","['0', (12, 1), (11, 2)]","['1', (12, 2), (11, 3), (12, 4), (13, 3)]","['0', (12, 3), (11, 4), (13, 4)]","['1', (12, 4), (11, 5), (12, 6), (13, 5)]","['0', (12, 5), (11, 6)]","['1', (12, 6), (11, 7), (12, 8), (13, 7)]","['0', (12, 7), (11, 8)]","['1', (12, 8), (11, 9), (13, 9)]","['1', (12, 9), (11, 10), (12, 11), (13, 10)]","['0', (12, 10), (11, 11), (12, 12), (13, 11)]","['0', (12, 11), (11, 12)]","['1', (12, 12), (11, 13), (13, 13)]","['1', (12, 13), (11, 14), (12, 15), (13, 14)]","['0', (12, 14), (11, 15), (12, 16)]","['0', (12, 15), (11, 16), (12, 17), (13, 16)]","['0', (12, 16), (11, 17), (12, 18)]","['0', (12, 17), (11, 18)]","['1', (12, 18), (11, 19), (12, 20), (13, 19)]","['0', (12, 19), (11, 20)]","['1', (12, 20), (11, 21), (12, 22), (13, 21)]","['0', (12, 21), (11, 22), (12, 23), (13, 22)]","['0', (12, 22), (11, 23), (12, 24)]","['0', (12, 23), (11, 24), (13, 24)]"
"['1', (12, 0), (13, 1), (14, 0)]","['0', (13, 0), (12, 1)]","['1', (13, 1), (12, 2), (13, 3), (14, 2)]","['0', (13, 2), (12, 3), (13, 4)]","['0', (13, 3), (12, 4), (13, 5)]","['0', (13, 4), (12, 5), (14, 5)]","['1', (13, 5), (12, 6), (13, 7), (14, 6)]","['0', (13, 6), (12, 7), (14, 7)]","['1', (13, 7), (12, 8), (13, 9), (14, 8)]","['0', (13, 8), (12, 9), (13, 10)]","['0', (13, 9), (12, 10), (13, 11)]","['0', (13, 10), (12, 11), (14, 11)]","['1', (13, 11), (12, 12), (13, 13)]","['0', (13, 12), (12, 13), (13, 14), (14, 13)]","['0', (13, 13), (12, 14)]","['1', (13, 14), (12, 15), (13, 16), (14, 15)]","['0', (13, 15), (12, 16), (14, 16)]","['1', (13, 16), (12, 17), (14, 17)]","['1', (13, 17), (12, 18), (13, 19)]","['0', (13, 18), (12, 19), (14, 19)]","['1', (13, 19), (12, 20), (13, 21), (14, 20)]","['0', (13, 20), (12, 21), (13, 22)]","['0', (13, 21), (12, 22), (14, 22)]","['1', (13, 22), (12, 23), (13, 24), (14, 23)]","['0', (13, 23), (12, 24), (14, 24)]"
"['0', (13, 0), (15, 0)]","['1', (14, 0), (13, 1), (14, 2), (15, 1)]","['0', (14, 1), (13, 2), (15, 2)]","['1', (14, 2), (13, 3)]","['1', (14, 3), (13, 4), (14, 5), (15, 4)]","['0', (14, 4), (13, 5), (14, 6), (15, 5)]","['0', (14, 5), (13, 6), (14, 7)]","['0', (14, 6), (13, 7), (14, 8)]","['0', (14, 7), (13, 8), (15, 8)]","['1', (14, 8), (13, 9)]","['1', (14, 9), (13, 10), (14, 11), (15, 10)]","['0', (14, 10), (13, 11), (15, 11)]","['1', (14, 11), (13, 12), (14, 13), (15, 12)]","['0', (14, 12), (13, 13), (15, 13)]","['1', (14, 13), (13, 14), (14, 15)]","['0', (14, 14), (13, 15), (14, 16), (15, 15)]","['0', (14, 15), (13, 16), (14, 17)]","['0', (14, 16), (13, 17)]","['1', (14, 17), (13, 18), (14, 19), (15, 18)]","['0', (14, 18), (13, 19), (14, 20), (15, 19)]","['0', (14, 19), (13, 20)]","['1', (14, 20), (13, 21), (14, 22), (15, 21)]","['0', (14, 21), (13, 22), (14, 23), (15, 22)]","['0', (14, 22), (13, 23), (14, 24)]","['0', (14, 23), (13, 24), (15, 24)]"
"['0', (14, 0), (15, 1)]","['0', (15, 0), (14, 1), (15, 2), (16, 1)]","['0', (15, 1), (14, 2)]","['1', (15, 2), (14, 3), (15, 4), (16, 3)]","['0', (15, 3), (14, 4), (15, 5)]","['0', (15, 4), (14, 5), (16, 5)]","['1', (15, 5), (14, 6), (16, 6)]","['1', (15, 6), (14, 7), (15, 8), (16, 7)]","['0', (15, 7), (14, 8)]","['1', (15, 8), (14, 9), (15, 10), (16, 9)]","['0', (15, 9), (14, 10), (15, 11), (16, 10)]","['0', (15, 10), (14, 11), (15, 12)]","['0', (15, 11), (14, 12), (15, 13)]","['0', (15, 12), (14, 13)]","['1', (15, 13), (14, 14), (15, 15), (16, 14)]","['0', (15, 14), (14, 15), (16, 15)]","['1', (15, 15), (14, 16), (16, 16)]","['1', (15, 16), (14, 17), (15, 18)]","['0', (15, 17), (14, 18), (15, 19)]","['0', (15, 18), (14, 19), (16, 19)]","['1', (15, 19), (14, 20), (15, 21), (16, 20)]","['0', (15, 20), (14, 21), (15, 22)]","['0', (15, 21), (14, 22), (16, 22)]","['1', (15, 22), (14, 23), (15, 24), (16, 23)]","['0', (15, 23), (14, 24), (16, 24)]"
"['1', (15, 0), (16, 1), (17, 0)]","['0', (16, 0), (15, 1), (17, 1)]","['1', (16, 1), (15, 2), (16, 3), (17, 2)]","['0', (16, 2), (15, 3), (17, 3)]","['1', (16, 3), (15, 4), (16, 5), (17, 4)]","['0', (16, 4), (15, 5), (16, 6), (17, 5)]","['0', (16, 5), (15, 6), (16, 7)]","['0', (16, 6), (15, 7), (17, 7)]","['1', (16, 7), (15, 8), (16, 9), (17, 8)]","['0', (16, 8), (15, 9), (16, 10)]","['0', (16, 9), (15, 10), (17, 10)]","['1', (16, 10), (15, 11), (17, 11)]","['1', (16, 11), (15, 12), (17, 12)]","['1', (16, 12), (15, 13), (16, 14)]","['0', (16, 13), (15, 14), (16, 15)]","['0', (16, 14), (15, 15), (16, 16), (17, 15)]","['0', (16, 15), (15, 16)]","['1', (16, 16), (15, 17), (17, 17)]","['1', (16, 17), (15, 18), (16, 19)]","['0', (16, 18), (15, 19), (16, 20)]","['0', (16, 19), (15, 20), (17, 20)]","['1', (16, 20), (15, 21), (16, 22)]","['0', (16, 21), (15, 22), (16, 23)]","['0', (16, 22), (15, 23), (16, 24), (17, 23)]","['0', (16, 23), (15, 24), (17, 24)]"
"['0', (16, 0), (17, 1), (18, 0)]","['0', (17, 0), (16, 1), (17, 2)]","['0', (17, 1), (16, 2), (17, 3), (18, 2)]","['0', (17, 2), (16, 3), (17, 4)]","['0', (17, 3), (16, 4), (17, 5), (18, 4)]","['0', (17, 4), (16, 5)]","['1', (17, 5), (16, 6), (17, 7)]","['0', (17, 6), (16, 7), (17, 8)]","['0', (17, 7), (16, 8), (18, 8)]","['1', (17, 8), (16, 9), (17, 10), (18, 9)]","['0', (17, 9), (16, 10), (17, 11)]","['0', (17, 10), (16, 11), (17, 12)]","['0', (17, 11), (16, 12), (18, 12)]","['1', (17, 12), (16, 13), (18, 13)]","['1', (17, 13), (16, 14), (17, 15), (18, 14)]","['0', (17, 14), (16, 15), (18, 15)]","['1', (17, 15), (16, 16), (17, 17), (18, 16)]","['0', (17, 16), (16, 17), (18, 17)]","['1', (17, 17), (16, 18), (18, 18)]","['1', (17, 18), (16, 19), (17, 20), (18, 19)]","['0', (17, 19), (16, 20), (18, 20)]","['1', (17, 20), (16, 21), (18, 21)]","['1', (17, 21), (16, 22), (17, 23), (18, 22)]","['0', (17, 22), (16, 23), (17, 24), (18, 23)]","['0', (17, 23), (16, 24), (18, 24)]"
"['0', (17, 0)]","['1', (18, 0), (17, 1), (18, 2), (19, 1)]","['0', (18, 1), (17, 2)]","['1', (18, 2), (17, 3), (18, 4), (19, 3)]","['0', (18, 3), (17, 4), (19, 4)]","['1', (18, 4), (17, 5)]","['1', (18, 5), (17, 6)]","['1', (18, 6), (17, 7), (18, 8), (19, 7)]","['0', (18, 7), (17, 8), (18, 9)]","['0', (18, 8), (17, 9), (19, 9)]","['1', (18, 9), (17, 10)]","['1', (18, 10), (17, 11), (18, 12), (19, 11)]","['0', (18, 11), (17, 12), (18, 13), (19, 12)]","['0', (18, 12), (17, 13), (18, 14)]","['0', (18, 13), (17, 14), (18, 15), (19, 14)]","['0', (18, 14), (17, 15), (18, 16)]","['0', (18, 15), (17, 16), (18, 17), (19, 16)]","['0', (18, 16), (17, 17), (18, 18)]","['0', (18, 17), (17, 18), (18, 19)]","['0', (18, 18), (17, 19), (18, 20), (19, 19)]","['0', (18, 19), (17, 20), (18, 21)]","['0', (18, 20), (17, 21), (18, 22)]","['0', (18, 21), (17, 22), (18, 23), (19, 22)]","['0', (18, 22), (17, 23), (18, 24)]","['0', (18, 23), (17, 24), (19, 24)]"
"['1', (18, 0), (19, 1), (20, 0)]","['0', (19, 0), (18, 1), (20, 1)]","['1', (19, 1), (18, 2), (19, 3), (20, 2)]","['0', (19, 2), (18, 3), (19, 4), (20, 3)]","['0', (19, 3), (18, 4)]","['1', (19, 4), (18, 5), (20, 5)]","['1', (19, 5), (18, 6), (19, 7), (20, 6)]","['0', (19, 6), (18, 7), (20, 7)]","['1', (19, 7), (18, 8), (19, 9), (20, 8)]","['0', (19, 8), (18, 9), (20, 9)]","['1', (19, 9), (18, 10), (19, 11), (20, 10)]","['0', (19, 10), (18, 11), (19, 12), (20, 11)]","['0', (19, 11), (18, 12)]","['1', (19, 12), (18, 13), (19, 14), (20, 13)]","['0', (19, 13), (18, 14)]","['1', (19, 14), (18, 15), (19, 16), (20, 15)]","['0', (19, 15), (18, 16)]","['1', (19, 16), (18, 17), (20, 17)]","['1', (19, 17), (18, 18), (19, 19), (20, 18)]","['0', (19, 18), (18, 19)]","['1', (19, 19), (18, 20), (20, 20)]","['1', (19, 20), (18, 21), (19, 22), (20, 21)]","['0', (19, 21), (18, 22), (20, 22)]","['1', (19, 22), (18, 23), (19, 24), (20, 23)]","['0', (19, 23), (18, 24), (20, 24)]"
"['0', (19, 0), (20, 1)]","['0', (20, 0), (19, 1), (20, 2)]","['0', (20, 1), (19, 2), (20, 3)]","['0', (20, 2), (19, 3)]","['1', (20, 3), (19, 4), (20, 5)]","['0', (20, 4), (19, 5), (20, 6)]","['0', (20, 5), (19, 6), (20, 7), (21, 6)]","['0', (20, 6), (19, 7), (20, 8)]","['0', (20, 7), (19, 8), (20, 9), (21, 8)]","['0', (20, 8), (19, 9), (20, 10)]","['0', (20, 9), (19, 10), (20, 11), (21, 10)]","['0', (20, 10), (19, 11)]","['1', (20, 11), (19, 12), (20, 13), (21, 12)]","['0', (20, 12), (19, 13), (21, 13)]","['1', (20, 13), (19, 14), (20, 15), (21, 14)]","['0', (20, 14), (19, 15), (21, 15)]","['1', (20, 15), (19, 16), (20, 17), (21, 16)]","['0', (20, 16), (19, 17), (20, 18), (21, 17)]","['0', (20, 17), (19, 18)]","['1', (20, 18), (19, 19), (20, 20), (21, 19)]","['0', (20, 19), (19, 20), (20, 21), (21, 20)]","['0', (20, 20), (19, 21), (20, 22)]","['0', (20, 21), (19, 22), (20, 23)]","['0', (20, 22), (19, 23), (20, 24), (21, 23)]","['0', (20, 23), (19, 24), (21, 24)]"
"['1', (20, 0), (22, 0)]","['1', (21, 0), (20, 1), (22, 1)]","['1', (21, 1), (20, 2), (22, 2)]","['1', (21, 2), (20, 3), (22, 3)]","['1', (21, 3), (20, 4)]","['1', (21, 4), (20, 5), (21, 6), (22, 5)]","['0', (21, 5), (20, 6), (22, 6)]","['1', (21, 6), (20, 7), (21, 8), (22, 7)]","['0', (21, 7), (20, 8)]","['1', (21, 8), (20, 9), (21, 10), (22, 9)]","['0', (21, 9), (20, 10), (22, 10)]","['1', (21, 10), (20, 11), (21, 12), (22, 11)]","['0', (21, 11), (20, 12), (21, 13), (22, 12)]","['0', (21, 12), (20, 13), (21, 14)]","['0', (21, 13), (20, 14), (21, 15), (22, 14)]","['0', (21, 14), (20, 15), (21, 16)]","['0', (21, 15), (20, 16), (21, 17), (22, 16)]","['0', (21, 16), (20, 17)]","['1', (21, 17), (20, 18), (21, 19), (22, 18)]","['0', (21, 18), (20, 19), (21, 20), (22, 19)]","['0', (21, 19), (20, 20)]","['1', (21, 20), (20, 21)]","['1', (21, 21), (20, 22), (21, 23), (22, 22)]","['0', (21, 22), (20, 23), (21, 24), (22, 23)]","['0', (21, 23), (20, 24), (22, 24)]"
"['0', (21, 0), (22, 1), (23, 0)]","['0', (22, 0), (21, 1), (22, 2)]","['0', (22, 1), (21, 2), (22, 3)]","['0', (22, 2), (21, 3), (23, 3)]","['1', (22, 3), (21, 4), (22, 5), (23, 4)]","['0', (22, 4), (21, 5), (22, 6)]","['0', (22, 5), (21, 6), (22, 7)]","['0', (22, 6), (21, 7)]","['1', (22, 7), (21, 8), (22, 9), (23, 8)]","['0', (22, 8), (21, 9), (22, 10)]","['0', (22, 9), (21, 10), (22, 11), (23, 10)]","['0', (22, 10), (21, 11), (22, 12)]","['0', (22, 11), (21, 12), (23, 12)]","['1', (22, 12), (21, 13), (22, 14), (23, 13)]","['0', (22, 13), (21, 14)]","['1', (22, 14), (21, 15), (22, 16), (23, 15)]","['0', (22, 15), (21, 16), (23, 16)]","['1', (22, 16), (21, 17), (22, 18), (23, 17)]","['0', (22, 17), (21, 18), (22, 19)]","['0', (22, 18), (21, 19), (23, 19)]","['1', (22, 19), (21, 20)]","['1', (22, 20), (21, 21), (22, 22), (23, 21)]","['0', (22, 21), (21, 22), (22, 23), (23, 22)]","['0', (22, 22), (21, 23), (22, 24)]","['0', (22, 23), (21, 24), (23, 24)]"
"['0', (22, 0), (24, 0)]","['1', (23, 0), (22, 1), (24, 1)]","['1', (23, 1), (22, 2), (23, 3), (24, 2)]","['0', (23, 2), (22, 3), (23, 4)]","['0', (23, 3), (22, 4), (24, 4)]","['1', (23, 4), (22, 5), (24, 5)]","['1', (23, 5), (22, 6), (24, 6)]","['1', (23, 6), (22, 7), (23, 8), (24, 7)]","['0', (23, 7), (22, 8), (24, 8)]","['1', (23, 8), (22, 9), (23, 10), (24, 9)]","['0', (23, 9), (22, 10), (24, 10)]","['1', (23, 10), (22, 11), (23, 12)]","['0', (23, 11), (22, 12), (23, 13), (24, 12)]","['0', (23, 12), (22, 13)]","['1', (23, 13), (22, 14), (23, 15), (24, 14)]","['0', (23, 14), (22, 15), (23, 16), (24, 15)]","['0', (23, 15), (22, 16), (23, 17)]","['0', (23, 16), (22, 17), (24, 17)]","['1', (23, 17), (22, 18), (23, 19), (24, 18)]","['0', (23, 18), (22, 19)]","['1', (23, 19), (22, 20), (23, 21), (24, 20)]","['0', (23, 20), (22, 21), (23, 22), (24, 21)]","['0', (23, 21), (22, 22)]","['1', (23, 22), (22, 23), (23, 24)]","['0', (23, 23), (22, 24), (24, 24)]"
"['0', (23, 0), (24, 1)]","['0', (24, 0), (23, 1), (24, 2)]","['0', (24, 1), (23, 2)]","['1', (24, 2), (23, 3), (24, 4)]","['0', (24, 3), (23, 4), (24, 5)]","['0', (24, 4), (23, 5), (24, 6)]","['0', (24, 5), (23, 6), (24, 7)]","['0', (24, 6), (23, 7), (24, 8)]","['0', (24, 7), (23, 8), (24, 9)]","['0', (24, 8), (23, 9), (24, 10)]","['0', (24, 9), (23, 10)]","['1', (24, 10), (23, 11), (24, 12)]","['0', (24, 11), (23, 12)]","['1', (24, 12), (23, 13), (24, 14)]","['0', (24, 13), (23, 14), (24, 15)]","['0', (24, 14), (23, 15)]","['1', (24, 15), (23, 16), (24, 17)]","['0', (24, 16), (23, 17), (24, 18)]","['0', (24, 17), (23, 18)]","['1', (24, 18), (23, 19), (24, 20)]","['0', (24, 19), (23, 20), (24, 21)]","['0', (24, 20), (23, 21)]","['1', (24, 21), (23, 22)]","['1', (24, 22), (23, 23), (24, 24)]","['0', (24, 23), (23, 24)]"

